{
  "scenarios": {
    "Case11": {
      "sources": {
        "rfcreport": "Verification/Bishop/Case 11/Case11/Case11-i.rfcreport",
        "s01": "Verification/Bishop/Case 11/Case11/{BC8DAACB-0FC5-4533-9DBF-C3A02BF591C3}.s01"
      },
      "methods": {
        "bishop_simplified": {
          "rfcreport": {
            "fos": 1.40357,
            "surface": {
              "xc": 34.345,
              "yc": 43.177,
              "r": 18.708,
              "x_left": 29.921,
              "y_left": 25.0,
              "x_right": 51.171,
              "y_right": 35.0
            }
          },
          "s01": {
            "fos": 1.40357,
            "surface": {
              "xc": 34.3447952018146,
              "yc": 43.1772707870956,
              "r": 18.7077752528147,
              "x_left": 29.9212579698668,
              "y_left": 25.0,
              "x_right": 51.1707601781344,
              "y_right": 35.0
            }
          },
          "agreement": {
            "fos_abs_delta": 0.0,
            "pass_fos_1e6": true
          }
        },
        "spencer": {
          "rfcreport": {
            "fos": 1.37319,
            "surface": {
              "xc": 34.274,
              "yc": 43.129,
              "r": 18.639,
              "x_left": 29.945,
              "y_left": 25.0,
              "x_right": 51.047,
              "y_right": 35.0
            }
          },
          "s01": {
            "fos": 1.37319,
            "surface": {
              "xc": 34.2739217263841,
              "yc": 43.1289861550126,
              "r": 18.6386863467291,
              "x_left": 29.9448929989319,
              "y_left": 25.0,
              "x_right": 51.0465247689461,
              "y_right": 35.0
            }
          },
          "agreement": {
            "fos_abs_delta": 0.0,
            "pass_fos_1e6": true
          }
        }
      }
    },
    "Case11_Water_Seismic_Surcharge": {
      "sources": {
        "rfcreport": "Verification/Bishop/Case 11/Case11_Water_Seismic_Surcharge/Case11_Water_Seismic_Surcharge-i.rfcreport",
        "s01": "Verification/Bishop/Case 11/Case11_Water_Seismic_Surcharge/{BC8DAACB-0FC5-4533-9DBF-C3A02BF591C3}.s01"
      },
      "methods": {
        "bishop_simplified": {
          "rfcreport": {
            "fos": 0.729648,
            "surface": {
              "xc": 34.145,
              "yc": 47.906,
              "r": 26.09,
              "x_left": 21.657,
              "y_left": 25.0,
              "x_right": 56.819,
              "y_right": 35.0
            }
          },
          "s01": {
            "fos": 0.729648,
            "surface": {
              "xc": 34.1452863060215,
              "yc": 47.906488439106,
              "r": 26.0896796695384,
              "x_left": 21.6567246335058,
              "y_left": 25.0,
              "x_right": 56.8189260983078,
              "y_right": 35.0
            }
          },
          "agreement": {
            "fos_abs_delta": 0.0,
            "pass_fos_1e6": true
          }
        },
        "spencer": {
          "rfcreport": {
            "fos": 0.739875,
            "surface": {
              "xc": 34.431,
              "yc": 47.659,
              "r": 25.687,
              "x_left": 22.332,
              "y_left": 25.0,
              "x_right": 56.783,
              "y_right": 35.0
            }
          },
          "s01": {
            "fos": 0.739875,
            "surface": {
              "xc": 34.4313227841838,
              "yc": 47.6588404609722,
              "r": 25.6870443751625,
              "x_left": 22.3316865212303,
              "y_left": 25.0,
              "x_right": 56.7825645151308,
              "y_right": 35.0
            }
          },
          "agreement": {
            "fos_abs_delta": 0.0,
            "pass_fos_1e6": true
          }
        }
      }
    },
    "Case12": {
      "sources": {
        "rfcreport": "Verification/Bishop/Case 12/Case12/Case12-i.rfcreport",
        "s01": "Verification/Bishop/Case 12/Case12/{1037F11D-9D57-4d8e-9382-344BCEA71DA7}.s01"
      },
      "methods": {
        "bishop_simplified": {
          "rfcreport": {
            "fos": 0.419809,
            "surface": {
              "xc": 26.967,
              "yc": 45.14,
              "r": 31.45,
              "x_left": 17.987,
              "y_left": 15.0,
              "x_right": 56.737,
              "y_right": 35.0
            }
          },
          "s01": {
            "fos": 0.419809,
            "surface": {
              "xc": 26.9670236395274,
              "yc": 45.1403590545699,
              "r": 31.44959404703,
              "x_left": 17.9872841230053,
              "y_left": 15.0,
              "x_right": 56.7369763430066,
              "y_right": 35.0
            }
          },
          "agreement": {
            "fos_abs_delta": 0.0,
            "pass_fos_1e6": true
          }
        },
        "spencer": {
          "rfcreport": {
            "fos": 0.42273,
            "surface": {
              "xc": 26.967,
              "yc": 45.14,
              "r": 31.45,
              "x_left": 17.987,
              "y_left": 15.0,
              "x_right": 56.737,
              "y_right": 35.0
            }
          },
          "s01": {
            "fos": 0.42273,
            "surface": {
              "xc": 26.9670236395274,
              "yc": 45.1403590545699,
              "r": 31.44959404703,
              "x_left": 17.9872841230053,
              "y_left": 15.0,
              "x_right": 56.7369763430066,
              "y_right": 35.0
            }
          },
          "agreement": {
            "fos_abs_delta": 0.0,
            "pass_fos_1e6": true
          }
        }
      }
    },
    "Case12_Water_Surcharge": {
      "sources": {
        "rfcreport": "Verification/Bishop/Case 12/Case12_Water_Surcharge/Case12_Water_Surcharge-i.rfcreport",
        "s01": "Verification/Bishop/Case 12/Case12_Water_Surcharge/{1037F11D-9D57-4d8e-9382-344BCEA71DA7}.s01"
      },
      "methods": {
        "bishop_simplified": {
          "rfcreport": {
            "fos": 0.310792,
            "surface": {
              "xc": 27.046,
              "yc": 45.14,
              "r": 31.43,
              "x_left": 18.041,
              "y_left": 15.027,
              "x_right": 56.796,
              "y_right": 35.0
            }
          },
          "s01": {
            "fos": 0.310792,
            "surface": {
              "xc": 27.0463858773805,
              "yc": 45.1395477433383,
              "r": 31.4301149458238,
              "x_left": 18.0408333231127,
              "y_left": 15.0272222154085,
              "x_right": 56.7960362462211,
              "y_right": 35.0
            }
          },
          "agreement": {
            "fos_abs_delta": 0.0,
            "pass_fos_1e6": true
          }
        },
        "spencer": {
          "rfcreport": {
            "fos": 0.31391,
            "surface": {
              "xc": 27.046,
              "yc": 45.14,
              "r": 31.43,
              "x_left": 18.041,
              "y_left": 15.027,
              "x_right": 56.796,
              "y_right": 35.0
            }
          },
          "s01": {
            "fos": 0.31391,
            "surface": {
              "xc": 27.0463858773805,
              "yc": 45.1395477433383,
              "r": 31.4301149458238,
              "x_left": 18.0408333231127,
              "y_left": 15.0272222154085,
              "x_right": 56.7960362462211,
              "y_right": 35.0
            }
          },
          "agreement": {
            "fos_abs_delta": 0.0,
            "pass_fos_1e6": true
          }
        }
      }
    }
  }
}
